{"assets/fonts/Inter-Bold.ttf":["assets/fonts/Inter-Bold.ttf"],"assets/fonts/Inter-Medium.ttf":["assets/fonts/Inter-Medium.ttf"],"assets/fonts/Inter-Regular.ttf":["assets/fonts/Inter-Regular.ttf"],"assets/fonts/Inter-SemiBold.ttf":["assets/fonts/Inter-SemiBold.ttf"],"assets/icons/with_bg/autoquill_ai_logo.ico":["assets/icons/with_bg/autoquill_ai_logo.ico"],"assets/icons/with_bg/autoquill_ai_logo.png":["assets/icons/with_bg/autoquill_ai_logo.png"],"assets/icons/with_bg/autoquill_centered_1024_rounded.ico":["assets/icons/with_bg/autoquill_centered_1024_rounded.ico"],"assets/icons/with_bg/autoquill_centered_1024_rounded.png":["assets/icons/with_bg/autoquill_centered_1024_rounded.png"],"assets/sounds/error_sound.mp3":["assets/sounds/error_sound.mp3"],"assets/sounds/fast_typing.wav":["assets/sounds/fast_typing.wav"],"assets/sounds/marimba_start.mp3":["assets/sounds/marimba_start.mp3"],"assets/sounds/marimba_stop.mp3":["assets/sounds/marimba_stop.mp3"],"packages/cupertino_icons/assets/CupertinoIcons.ttf":["packages/cupertino_icons/assets/CupertinoIcons.ttf"],"packages/record_web/assets/js/record.fixwebmduration.js":["packages/record_web/assets/js/record.fixwebmduration.js"],"packages/record_web/assets/js/record.worklet.js":["packages/record_web/assets/js/record.worklet.js"]}